Bildnummer,Y Koordinate,X Koordinate,Bildbeschreibung *,Legende DE **,Legende FR **,Legende IT **,Legende EN **,Map.geo.admin.ch link,Kommentar
521_3032,144877,561970,<b>Les Avants - Sonloup Montreux - Standseilbahn<\b> Baujahr: <b>1910<\b>,<b>Les Avants - Sonloup Montreux - Funiculaire<\b> Ann‚e de construction: <b>1910<\b>,<b>Les Avants - Sonloup Montreux - Funiculare<\b> Anno di costruzione: <b>1910<\b>,<b>Les Avants - Sonloup Montreux - funicular railway<\b> Year of construction: <b>1910<\b>,Prflink,,
066_talfahrt_kreuzung,206191,671771,<b>Kehrsiten - Brgenstock Brgenstock - Standseilbahn<\b> Baujahr: <b>1887<\b>,<b>Kehrsiten - Brgenstock Brgenstock - Funiculaire<\b> Ann‚e de construction: <b>1887<\b>,<b>Kehrsiten - Brgenstock Brgenstock - Funiculare<\b> Anno di costruzione: <b>1887<\b>,<b>Kehrsiten - Brgenstock Brgenstock - funicular railway<\b> Year of construction: <b>1887<\b>,Prflink,,
520_8806a,96143,718635,<b>Cassarate - Monte BrŠ sezione 1 Lugano - Standseilbahn<\b> Baujahr: <b>1908<\b>,<b>Cassarate - Monte BrŠ sezione 1 Lugano - Funiculaire<\b> Ann‚e de construction: <b>1908<\b>,<b>Cassarate - Monte BrŠ sezione 1 Lugano - Funiculare<\b> Anno di costruzione: <b>1908<\b>,<b>Cassarate - Monte BrŠ sezione 1 Lugano - funicular railway<\b> Year of construction: <b>1908<\b>,Prflink,,
520_8216,96230,718833,<b>Cassarate - Monte BrŠ sezione 2 Lugano - Standseilbahn<\b> Baujahr: <b>1912<\b>,<b>Cassarate - Monte BrŠ sezione 2 Lugano - Funiculaire<\b> Ann‚e de construction: <b>1912<\b>,<b>Cassarate - Monte BrŠ sezione 2 Lugano - Funiculare<\b> Anno di costruzione: <b>1912<\b>,<b>Cassarate - Monte BrŠ sezione 2 Lugano - funicular railway<\b> Year of construction: <b>1912<\b>,Prflink,,
19991111_eb_009,203835,669095,<b>Harissenbucht (Stansstad) - Frigen Frigen - Standseilbahn<\b> Baujahr: <b>1924<\b>,<b>Harissenbucht (Stansstad) - Frigen Frigen - Funiculaire<\b> Ann‚e de construction: <b>1924<\b>,<b>Harissenbucht (Stansstad) - Frigen Frigen - Funiculare<\b> Anno di costruzione: <b>1924<\b>,<b>Harissenbucht (Stansstad) - Frigen Frigen - funicular railway<\b> Year of construction: <b>1924<\b>,Prflink,,
520_2495,176085,644350,<b>Giessbachbahn Giessbach - Standseilbahn<\b> Baujahr: <b>1879<\b>,<b>Giessbachbahn Giessbach - Funiculaire<\b> Ann‚e de construction: <b>1879<\b>,<b>Giessbachbahn Giessbach - Funiculare<\b> Anno di costruzione: <b>1879<\b>,<b>Giessbachbahn Giessbach - funicular railway<\b> Year of construction: <b>1879<\b>,Prflink,,
520_2093,169635,631560,<b>Interlaken - Heimwehfluh Interlaken - Standseilbahn<\b> Baujahr: <b>1906<\b>,<b>Interlaken - Heimwehfluh Interlaken - Funiculaire<\b> Ann‚e de construction: <b>1906<\b>,<b>Interlaken - Heimwehfluh Interlaken - Funiculare<\b> Anno di costruzione: <b>1906<\b>,<b>Interlaken - Heimwehfluh Interlaken - funicular railway<\b> Year of construction: <b>1906<\b>,Prflink,,
519_3285,114224,705113,<b>Locarno - Madonna del Sasso Locarno - Standseilbahn<\b> Baujahr: <b>1905<\b>,<b>Locarno - Madonna del Sasso Locarno - Funiculaire<\b> Ann‚e de construction: <b>1905<\b>,<b>Locarno - Madonna del Sasso Locarno - Funiculare<\b> Anno di costruzione: <b>1905<\b>,<b>Locarno - Madonna del Sasso Locarno - funicular railway<\b> Year of construction: <b>1905<\b>,Prflink,,
521_1082,94320,716748,<b>Lugano Paradiso - M. San Salvatore Lugano - Standseilbahn<\b> Baujahr: <b>1888<\b>,<b>Lugano Paradiso - M. San Salvatore Lugano - Funiculaire<\b> Ann‚e de construction: <b>1888<\b>,<b>Lugano Paradiso - M. San Salvatore Lugano - Funiculare<\b> Anno di costruzione: <b>1888<\b>,<b>Lugano Paradiso - M. San Salvatore Lugano - funicular railway<\b> Year of construction: <b>1888<\b>,Prflink,,
cimg5286,183644,578588,<b>Neuveville - St-Pierre (Fribourg) Fribourg - Standseilbahn<\b> Baujahr: <b>1899<\b>,<b>Neuveville - St-Pierre (Fribourg) Fribourg - Funiculaire<\b> Ann‚e de construction: <b>1899<\b>,<b>Neuveville - St-Pierre (Fribourg) Fribourg - Funiculare<\b> Anno di costruzione: <b>1899<\b>,<b>Neuveville - St-Pierre (Fribourg) Fribourg - funicular railway<\b> Year of construction: <b>1899<\b>,Prflink,,
515_3138,165383,619261,<b>Mlenen - Schwandegg Mlenen - Standseilbahn<\b> Baujahr: <b>1910<\b>,<b>Mlenen - Schwandegg Mlenen - Funiculaire<\b> Ann‚e de construction: <b>1910<\b>,<b>Mlenen - Schwandegg Mlenen - Funiculare<\b> Anno di costruzione: <b>1910<\b>,<b>Mlenen - Schwandegg Mlenen - funicular railway<\b> Year of construction: <b>1910<\b>,Prflink,,
515_3231,165701,617494,<b>Schwandegg - Niesen Kulm Mlenen - Standseilbahn<\b> Baujahr: <b>1910<\b>,<b>Schwandegg - Niesen Kulm Mlenen - Funiculaire<\b> Ann‚e de construction: <b>1910<\b>,<b>Schwandegg - Niesen Kulm Mlenen - Funiculare<\b> Anno di costruzione: <b>1910<\b>,<b>Schwandegg - Niesen Kulm Mlenen - funicular railway<\b> Year of construction: <b>1910<\b>,Prflink,,
516_1594,174525,657270,<b>Reichenbachfallbahn Meiringen - Standseilbahn<\b> Baujahr: <b>1899<\b>,<b>Reichenbachfallbahn Meiringen - Funiculaire<\b> Ann‚e de construction: <b>1899<\b>,<b>Reichenbachfallbahn Meiringen - Funiculare<\b> Anno di costruzione: <b>1899<\b>,<b>Reichenbachfallbahn Meiringen - funicular railway<\b> Year of construction: <b>1899<\b>,Prflink,,
cimg4867,126823,607029,<b>Sierre - Montana-Crans Crans-Montana - Standseilbahn<\b> Baujahr: <b>1997<\b>,<b>Sierre - Montana-Crans Crans-Montana - Funiculaire<\b> Ann‚e de construction: <b>1997<\b>,<b>Sierre - Montana-Crans Crans-Montana - Funiculare<\b> Anno di costruzione: <b>1997<\b>,<b>Sierre - Montana-Crans Crans-Montana - funicular railway<\b> Year of construction: <b>1997<\b>,Prflink,,
cimg5139,152560,694880,<b>Piotta - Ritom Quinto - Standseilbahn<\b> Baujahr: <b>1917<\b>,<b>Piotta - Ritom Quinto - Funiculaire<\b> Ann‚e de construction: <b>1917<\b>,<b>Piotta - Ritom Quinto - Funiculare<\b> Anno di costruzione: <b>1917<\b>,<b>Piotta - Ritom Quinto - funicular railway<\b> Year of construction: <b>1917<\b>,Prflink,,
0009_wagen_bergstation,209924,663701,<b>Kriens - Sonnenberg Kriens - Standseilbahn<\b> Baujahr: <b>1902<\b>,<b>Kriens - Sonnenberg Kriens - Funiculaire<\b> Ann‚e de construction: <b>1902<\b>,<b>Kriens - Sonnenberg Kriens - Funiculare<\b> Anno di costruzione: <b>1902<\b>,<b>Kriens - Sonnenberg Kriens - funicular railway<\b> Year of construction: <b>1902<\b>,Prflink,,
42_talfahrt_wagen_auf_kreuzung,201237,670390,<b>Stans - K„lti Stans - Standseilbahn<\b> Baujahr: <b>1893<\b>,<b>Stans - K„lti Stans - Funiculaire<\b> Ann‚e de construction: <b>1893<\b>,<b>Stans - K„lti Stans - Funiculare<\b> Anno di costruzione: <b>1893<\b>,<b>Stans - K„lti Stans - funicular railway<\b> Year of construction: <b>1893<\b>,Prflink,,
rs_20090501_036,204644,687259,<b>Treib - Seelisberg Seelisberg - Standseilbahn<\b> Baujahr: <b>1914<\b>,<b>Treib - Seelisberg Seelisberg - Funiculaire<\b> Ann‚e de construction: <b>1914<\b>,<b>Treib - Seelisberg Seelisberg - Funiculare<\b> Anno di costruzione: <b>1914<\b>,<b>Treib - Seelisberg Seelisberg - funicular railway<\b> Year of construction: <b>1914<\b>,Prflink,,
520_3471,101269,562816,<b>Le Chƒtelard VS - Les Montuires Le Chƒtelard VS - Standseilbahn<\b> Baujahr: <b>1919<\b>,<b>Le Chƒtelard VS - Les Montuires Le Chƒtelard VS - Funiculaire<\b> Ann‚e de construction: <b>1919<\b>,<b>Le Chƒtelard VS - Les Montuires Le Chƒtelard VS - Funiculare<\b> Anno di costruzione: <b>1919<\b>,<b>Le Chƒtelard VS - Les Montuires Le Chƒtelard VS - funicular railway<\b> Year of construction: <b>1919<\b>,Prflink,,
funimag_com_funambule25,204919,561890,<b>Universit‚ de Neuchƒtel - Gare CFF, Fun'Ambule Neuchƒtel - Standseilbahn<\b> Baujahr: <b>2001<\b>,<b>Universit‚ de Neuchƒtel - Gare CFF, Fun'Ambule Neuchƒtel - Funiculaire<\b> Ann‚e de construction: <b>2001<\b>,<b>Universit‚ de Neuchƒtel - Gare CFF, Fun'Ambule Neuchƒtel - Funiculare<\b> Anno di costruzione: <b>2001<\b>,<b>Universit‚ de Neuchƒtel - Gare CFF, Fun'Ambule Neuchƒtel - funicular railway<\b> Year of construction: <b>2001<\b>,Prflink,,
cimg4497,162850,666650,<b>Handegg - Gelmersee Innertkirchen - Standseilbahn<\b> Baujahr: <b>1926<\b>,<b>Handegg - Gelmersee Innertkirchen - Funiculaire<\b> Ann‚e de construction: <b>1926<\b>,<b>Handegg - Gelmersee Innertkirchen - Funiculare<\b> Anno di costruzione: <b>1926<\b>,<b>Handegg - Gelmersee Innertkirchen - funicular railway<\b> Year of construction: <b>1926<\b>,Prflink,,
521_1575,86905,716041,<b>Brusino Arsizio - Serpiano Brusino Arsizio - Pendelbahn<\b> Baujahr: <b>1958<\b>,<b>Brusino Arsizio - Serpiano Brusino Arsizio - T‚l‚ph‚rique … va-et-vient<\b> Ann‚e de construction: <b>1958<\b>,<b>Brusino Arsizio - Serpiano Brusino Arsizio - Funivia a va e vieni<\b> Anno di costruzione: <b>1958<\b>,<b>Brusino Arsizio - Serpiano Brusino Arsizio - aerial tramway<\b> Year of construction: <b>1958<\b>,Prflink,,
pict4426,182932,784085,<b>Clavadeler Berg - Jakobshorn Davos - Pendelbahn<\b> Baujahr: <b>1960<\b>,<b>Clavadeler Berg - Jakobshorn Davos - T‚l‚ph‚rique … va-et-vient<\b> Ann‚e de construction: <b>1960<\b>,<b>Clavadeler Berg - Jakobshorn Davos - Funivia a va e vieni<\b> Anno di costruzione: <b>1960<\b>,<b>Clavadeler Berg - Jakobshorn Davos - aerial tramway<\b> Year of construction: <b>1960<\b>,Prflink,,
cimg6012,191501,739583,<b>Naraus - Fil da Cassons Flims - Pendelbahn<\b> Baujahr: <b>1956<\b>,<b>Naraus - Fil da Cassons Flims - T‚l‚ph‚rique … va-et-vient<\b> Ann‚e de construction: <b>1956<\b>,<b>Naraus - Fil da Cassons Flims - Funivia a va e vieni<\b> Anno di costruzione: <b>1956<\b>,<b>Naraus - Fil da Cassons Flims - aerial tramway<\b> Year of construction: <b>1956<\b>,Prflink,,
cimg3899,214380,676040,<b>Kssnacht am Rigi - Seebodenalp Kssnacht am Rigi - Pendelbahn<\b> Baujahr: <b>1954<\b>,<b>Kssnacht am Rigi - Seebodenalp Kssnacht am Rigi - T‚l‚ph‚rique … va-et-vient<\b> Ann‚e de construction: <b>1954<\b>,<b>Kssnacht am Rigi - Seebodenalp Kssnacht am Rigi - Funivia a va e vieni<\b> Anno di costruzione: <b>1954<\b>,<b>Kssnacht am Rigi - Seebodenalp Kssnacht am Rigi - aerial tramway<\b> Year of construction: <b>1954<\b>,Prflink,,
519_3014,114733,704503,<b>Orselina - Cardada Locarno - Pendelbahn<\b> Baujahr: <b>2000<\b>,<b>Orselina - Cardada Locarno - T‚l‚ph‚rique … va-et-vient<\b> Ann‚e de construction: <b>2000<\b>,<b>Orselina - Cardada Locarno - Funivia a va e vieni<\b> Anno di costruzione: <b>2000<\b>,<b>Orselina - Cardada Locarno - aerial tramway<\b> Year of construction: <b>2000<\b>,Prflink,,
cimg5327,156115,568177,<b>Plan Francey - Le Mol‚son Mol‚son Village - Pendelbahn<\b> Baujahr: <b>1964<\b>,<b>Plan Francey - Le Mol‚son Mol‚son Village - T‚l‚ph‚rique … va-et-vient<\b> Ann‚e de construction: <b>1964<\b>,<b>Plan Francey - Le Mol‚son Mol‚son Village - Funivia a va e vieni<\b> Anno di costruzione: <b>1964<\b>,<b>Plan Francey - Le Mol‚son Mol‚son Village - aerial tramway<\b> Year of construction: <b>1964<\b>,Prflink,,
600_2524,156082,635513,<b>Stechelberg - Gimmelwald - Mrren Mrren - Pendelbahn<\b> Baujahr: <b>1965<\b>,<b>Stechelberg - Gimmelwald - Mrren Mrren - T‚l‚ph‚rique … va-et-vient<\b> Ann‚e de construction: <b>1965<\b>,<b>Stechelberg - Gimmelwald - Mrren Mrren - Funivia a va e vieni<\b> Anno di costruzione: <b>1965<\b>,<b>Stechelberg - Gimmelwald - Mrren Mrren - aerial tramway<\b> Year of construction: <b>1965<\b>,Prflink,,
600_2419,156372,634703,<b>Mrren - Birg Mrren - Pendelbahn<\b> Baujahr: <b>1965<\b>,<b>Mrren - Birg Mrren - T‚l‚ph‚rique … va-et-vient<\b> Ann‚e de construction: <b>1965<\b>,<b>Mrren - Birg Mrren - Funivia a va e vieni<\b> Anno di costruzione: <b>1965<\b>,<b>Mrren - Birg Mrren - aerial tramway<\b> Year of construction: <b>1965<\b>,Prflink,,
520_0770,156805,632097,<b>Birg - Schilthorn Mrren - Pendelbahn<\b> Baujahr: <b>1967<\b>,<b>Birg - Schilthorn Mrren - T‚l‚ph‚rique … va-et-vient<\b> Ann‚e de construction: <b>1967<\b>,<b>Birg - Schilthorn Mrren - Funivia a va e vieni<\b> Anno di costruzione: <b>1967<\b>,<b>Birg - Schilthorn Mrren - aerial tramway<\b> Year of construction: <b>1967<\b>,Prflink,,
517_0791,181728,674741,<b>Stand - Kleintitlis Engelberg - Pendelbahn<\b> Baujahr: <b>1992<\b>,<b>Stand - Kleintitlis Engelberg - T‚l‚ph‚rique … va-et-vient<\b> Ann‚e de construction: <b>1992<\b>,<b>Stand - Kleintitlis Engelberg - Funivia a va e vieni<\b> Anno di costruzione: <b>1992<\b>,<b>Stand - Kleintitlis Engelberg - aerial tramway<\b> Year of construction: <b>1992<\b>,Prflink,,
cimg4031,120125,633345,<b>Stalden - Staldenried Staldenried - Pendelbahn<\b> Baujahr: <b>1951<\b>,<b>Stalden - Staldenried Staldenried - T‚l‚ph‚rique … va-et-vient<\b> Ann‚e de construction: <b>1951<\b>,<b>Stalden - Staldenried Staldenried - Funivia a va e vieni<\b> Anno di costruzione: <b>1951<\b>,<b>Stalden - Staldenried Staldenried - aerial tramway<\b> Year of construction: <b>1951<\b>,Prflink,,
cimg4089b,119845,634420,<b>Staldenried - Gspon Staldenried - Pendelbahn<\b> Baujahr: <b>1951<\b>,<b>Staldenried - Gspon Staldenried - T‚l‚ph‚rique … va-et-vient<\b> Ann‚e de construction: <b>1951<\b>,<b>Staldenried - Gspon Staldenried - Funivia a va e vieni<\b> Anno di costruzione: <b>1951<\b>,<b>Staldenried - Gspon Staldenried - aerial tramway<\b> Year of construction: <b>1951<\b>,Prflink,,
cimg5859,186435,787560,<b>D”rfji - Mittelt„lli (Pischa-Bahn) Davos - Pendelbahn<\b> Baujahr: <b>1967<\b>,<b>D”rfji - Mittelt„lli (Pischa-Bahn) Davos - T‚l‚ph‚rique … va-et-vient<\b> Ann‚e de construction: <b>1967<\b>,<b>D”rfji - Mittelt„lli (Pischa-Bahn) Davos - Funivia a va e vieni<\b> Anno di costruzione: <b>1967<\b>,<b>D”rfji - Mittelt„lli (Pischa-Bahn) Davos - aerial tramway<\b> Year of construction: <b>1967<\b>,Prflink,,
cimg5735,204228,823454,<b>Ravaisch - Alptrider Sattel II Samnaun - Pendelbahn<\b> Baujahr: <b>1995<\b>,<b>Ravaisch - Alptrider Sattel II Samnaun - T‚l‚ph‚rique … va-et-vient<\b> Ann‚e de construction: <b>1995<\b>,<b>Ravaisch - Alptrider Sattel II Samnaun - Funivia a va e vieni<\b> Anno di costruzione: <b>1995<\b>,<b>Ravaisch - Alptrider Sattel II Samnaun - aerial tramway<\b> Year of construction: <b>1995<\b>,Prflink,,
cimg5986,187070,739220,<b>Mulania - Crap Sogn Gion Laax - Pendelbahn<\b> Baujahr: <b>1968<\b>,<b>Mulania - Crap Sogn Gion Laax - T‚l‚ph‚rique … va-et-vient<\b> Ann‚e de construction: <b>1968<\b>,<b>Mulania - Crap Sogn Gion Laax - Funivia a va e vieni<\b> Anno di costruzione: <b>1968<\b>,<b>Mulania - Crap Sogn Gion Laax - aerial tramway<\b> Year of construction: <b>1968<\b>,Prflink,,
cimg6402,208577,704175,<b>Weglosen - Seebli Hoch-Ybrig - Pendelbahn<\b> Baujahr: <b>1969<\b>,<b>Weglosen - Seebli Hoch-Ybrig - T‚l‚ph‚rique … va-et-vient<\b> Ann‚e de construction: <b>1969<\b>,<b>Weglosen - Seebli Hoch-Ybrig - Funivia a va e vieni<\b> Anno di costruzione: <b>1969<\b>,<b>Weglosen - Seebli Hoch-Ybrig - aerial tramway<\b> Year of construction: <b>1969<\b>,Prflink,,
519_2290a,140440,683890,<b>San Carlo - Robiei San Carlo - Pendelbahn<\b> Baujahr: <b>1964<\b>,<b>San Carlo - Robiei San Carlo - T‚l‚ph‚rique … va-et-vient<\b> Ann‚e de construction: <b>1964<\b>,<b>San Carlo - Robiei San Carlo - Funivia a va e vieni<\b> Anno di costruzione: <b>1964<\b>,<b>San Carlo - Robiei San Carlo - aerial tramway<\b> Year of construction: <b>1964<\b>,Prflink,,
cimg6680,91079,621986,<b>Trockener Steg - Klein Matterhorn Zermatt - Pendelbahn<\b> Baujahr: <b>1979<\b>,<b>Trockener Steg - Klein Matterhorn Zermatt - T‚l‚ph‚rique … va-et-vient<\b> Ann‚e de construction: <b>1979<\b>,<b>Trockener Steg - Klein Matterhorn Zermatt - Funivia a va e vieni<\b> Anno di costruzione: <b>1979<\b>,<b>Trockener Steg - Klein Matterhorn Zermatt - aerial tramway<\b> Year of construction: <b>1979<\b>,Prflink,,
cimg5784,204205,823495,<b>Ravaisch - Alptrider Sattel I Samnaun - Pendelbahn<\b> Baujahr: <b>1978<\b>,<b>Ravaisch - Alptrider Sattel I Samnaun - T‚l‚ph‚rique … va-et-vient<\b> Ann‚e de construction: <b>1978<\b>,<b>Ravaisch - Alptrider Sattel I Samnaun - Funivia a va e vieni<\b> Anno di costruzione: <b>1978<\b>,<b>Ravaisch - Alptrider Sattel I Samnaun - aerial tramway<\b> Year of construction: <b>1978<\b>,Prflink,,
cimg5463,133225,578575,<b>Les Diablerets - Isenau Les Diablerets - Umlaufkabinenbahn<\b> Baujahr: <b>1974<\b>,<b>Les Diablerets - Isenau Les Diablerets - T‚l‚cabine … mouvement continu<\b> Ann‚e de construction: <b>1974<\b>,<b>Les Diablerets - Isenau Les Diablerets - Funivia a movimento continuo<\b> Anno di costruzione: <b>1974<\b>,<b>Les Diablerets - Isenau Les Diablerets - Circulating cableway<\b> Year of construction: <b>1974<\b>,Prflink,,
cimg7566,146260,587971,<b>Gstaad - Eggli Gstaad - Umlaufkabinenbahn<\b> Baujahr: <b>1983<\b>,<b>Gstaad - Eggli Gstaad - T‚l‚cabine … mouvement continu<\b> Ann‚e de construction: <b>1983<\b>,<b>Gstaad - Eggli Gstaad - Funivia a movimento continuo<\b> Anno di costruzione: <b>1983<\b>,<b>Gstaad - Eggli Gstaad - Circulating cableway<\b> Year of construction: <b>1983<\b>,Prflink,,
517_9596,151770,590540,<b>Saanenm”ser - Saanerslochgrat Gstaad - Umlaufkabinenbahn<\b> Baujahr: <b>1980<\b>,<b>Saanenm”ser - Saanerslochgrat Gstaad - T‚l‚cabine … mouvement continu<\b> Ann‚e de construction: <b>1980<\b>,<b>Saanenm”ser - Saanerslochgrat Gstaad - Funivia a movimento continuo<\b> Anno di costruzione: <b>1980<\b>,<b>Saanenm”ser - Saanerslochgrat Gstaad - Circulating cableway<\b> Year of construction: <b>1980<\b>,Prflink,,
cimg7161,105770,637690,<b>Saas Fee - Spielboden Saas Fee - Umlaufkabinenbahn<\b> Baujahr: <b>1976<\b>,<b>Saas Fee - Spielboden Saas Fee - T‚l‚cabine … mouvement continu<\b> Ann‚e de construction: <b>1976<\b>,<b>Saas Fee - Spielboden Saas Fee - Funivia a movimento continuo<\b> Anno di costruzione: <b>1976<\b>,<b>Saas Fee - Spielboden Saas Fee - Circulating cableway<\b> Year of construction: <b>1976<\b>,Prflink,,
cimg2235,214835,690830,<b>Sattel - Mostelberg Sattel - Umlaufkabinenbahn<\b> Baujahr: <b>2005<\b>,<b>Sattel - Mostelberg Sattel - T‚l‚cabine … mouvement continu<\b> Ann‚e de construction: <b>2005<\b>,<b>Sattel - Mostelberg Sattel - Funivia a movimento continuo<\b> Anno di costruzione: <b>2005<\b>,<b>Sattel - Mostelberg Sattel - Circulating cableway<\b> Year of construction: <b>2005<\b>,Prflink,,
cimg2627,83230,581190,<b>Bourg-St-Bernard - Col de Menouve Bourg-St-Pierre - Umlaufkabinenbahn<\b> Baujahr: <b>1962<\b>,<b>Bourg-St-Bernard - Col de Menouve Bourg-St-Pierre - T‚l‚cabine … mouvement continu<\b> Ann‚e de construction: <b>1962<\b>,<b>Bourg-St-Bernard - Col de Menouve Bourg-St-Pierre - Funivia a movimento continuo<\b> Anno di costruzione: <b>1962<\b>,<b>Bourg-St-Bernard - Col de Menouve Bourg-St-Pierre - Circulating cableway<\b> Year of construction: <b>1962<\b>,Prflink,,
cimg3431,150406,588370,<b>Sch”nried - Rellerligrat Gstaad - Umlaufkabinenbahn<\b> Baujahr: <b>1981<\b>,<b>Sch”nried - Rellerligrat Gstaad - T‚l‚cabine … mouvement continu<\b> Ann‚e de construction: <b>1981<\b>,<b>Sch”nried - Rellerligrat Gstaad - Funivia a movimento continuo<\b> Anno di costruzione: <b>1981<\b>,<b>Sch”nried - Rellerligrat Gstaad - Circulating cableway<\b> Year of construction: <b>1981<\b>,Prflink,,
cimg4243,145070,605700,<b>Geils - Hahnenmoos Adelboden - Umlaufkabinenbahn<\b> Baujahr: <b>1974<\b>,<b>Geils - Hahnenmoos Adelboden - T‚l‚cabine … mouvement continu<\b> Ann‚e de construction: <b>1974<\b>,<b>Geils - Hahnenmoos Adelboden - Funivia a movimento continuo<\b> Anno di costruzione: <b>1974<\b>,<b>Geils - Hahnenmoos Adelboden - Circulating cableway<\b> Year of construction: <b>1974<\b>,Prflink,,
cimg4364,183770,664135,<b>St”ckalp - Melchsee Frutt Melchsee-Frutt - Umlaufkabinenbahn<\b> Baujahr: <b>1976<\b>,<b>St”ckalp - Melchsee Frutt Melchsee-Frutt - T‚l‚cabine … mouvement continu<\b> Ann‚e de construction: <b>1976<\b>,<b>St”ckalp - Melchsee Frutt Melchsee-Frutt - Funivia a movimento continuo<\b> Anno di costruzione: <b>1976<\b>,<b>St”ckalp - Melchsee Frutt Melchsee-Frutt - Circulating cableway<\b> Year of construction: <b>1976<\b>,Prflink,,
600_3048,163881,644464,<b>Grindelwald Grund - Holenstein Grindelwald - Umlaufkabinenbahn<\b> Baujahr: <b>1978<\b>,<b>Grindelwald Grund - Holenstein Grindelwald - T‚l‚cabine … mouvement continu<\b> Ann‚e de construction: <b>1978<\b>,<b>Grindelwald Grund - Holenstein Grindelwald - Funivia a movimento continuo<\b> Anno di costruzione: <b>1978<\b>,<b>Grindelwald Grund - Holenstein Grindelwald - Circulating cableway<\b> Year of construction: <b>1978<\b>,Prflink,,
600_2854,163465,641400,<b>Holenstein - M„nnlichen Grindelwald - Umlaufkabinenbahn<\b> Baujahr: <b>1978<\b>,<b>Holenstein - M„nnlichen Grindelwald - T‚l‚cabine … mouvement continu<\b> Ann‚e de construction: <b>1978<\b>,<b>Holenstein - M„nnlichen Grindelwald - Funivia a movimento continuo<\b> Anno di costruzione: <b>1978<\b>,<b>Holenstein - M„nnlichen Grindelwald - Circulating cableway<\b> Year of construction: <b>1978<\b>,Prflink,,
gentil12,231661,604139,<b>Oberdorf SO - Nesselboden Oberdorf SO - Umlaufsesselbahn kuppelbare Klemmen<\b> Baujahr: <b>1950<\b>,<b>Oberdorf SO - Nesselboden Oberdorf SO - T‚l‚siŠge … pinces d‚brayables<\b> Ann‚e de construction: <b>1950<\b>,<b>Oberdorf SO - Nesselboden Oberdorf SO - Funivia a movimento continuo<\b> Anno di costruzione: <b>1950<\b>,<b>Oberdorf SO - Nesselboden Oberdorf SO - Chairlift dome just clamp<\b> Year of construction: <b>1950<\b>,Prflink,,
gentil53,232741,605237,<b>Nesselboden - Weissenstein Oberdorf SO - Umlaufsesselbahn kuppelbare Klemmen<\b> Baujahr: <b>1950<\b>,<b>Nesselboden - Weissenstein Oberdorf SO - T‚l‚siŠge … pinces d‚brayables<\b> Ann‚e de construction: <b>1950<\b>,<b>Nesselboden - Weissenstein Oberdorf SO - Funivia a movimento continuo<\b> Anno di costruzione: <b>1950<\b>,<b>Nesselboden - Weissenstein Oberdorf SO - Chairlift dome just clamp<\b> Year of construction: <b>1950<\b>,Prflink,,
la siala 2010 055,191614,734944,<b>Grisch - La Siala Laax - Umlaufsesselbahn kuppelbare Klemmen<\b> Baujahr: <b>1982<\b>,<b>Grisch - La Siala Laax - T‚l‚siŠge … pinces d‚brayables<\b> Ann‚e de construction: <b>1982<\b>,<b>Grisch - La Siala Laax - Funivia a movimento continuo<\b> Anno di costruzione: <b>1982<\b>,<b>Grisch - La Siala Laax - Chairlift dome just clamp<\b> Year of construction: <b>1982<\b>,Prflink,,
cimg5517,216015,740466,<b>Prodalp - Prodkamm Flumserberg - Umlaufsesselbahn kuppelbare Klemmen<\b> Baujahr: <b>2006<\b>,<b>Prodalp - Prodkamm Flumserberg - T‚l‚siŠge … pinces d‚brayables<\b> Ann‚e de construction: <b>2006<\b>,<b>Prodalp - Prodkamm Flumserberg - Funivia a movimento continuo<\b> Anno di costruzione: <b>2006<\b>,<b>Prodalp - Prodkamm Flumserberg - Chairlift dome just clamp<\b> Year of construction: <b>2006<\b>,Prflink,,
518_3025,201011,718314,<b>Grotzenbel - Seblengrat Braunwald - Umlaufsesselbahn feste Klemmen<\b> Baujahr: <b>1969<\b>,<b>Grotzenbel - Seblengrat Braunwald - T‚l‚siŠge … pinces fixes<\b> Ann‚e de construction: <b>1969<\b>,<b>Grotzenbel - Seblengrat Braunwald - Funivia a movimento continuo<\b> Anno di costruzione: <b>1969<\b>,<b>Grotzenbel - Seblengrat Braunwald - Fixed grip chairlift<\b> Year of construction: <b>1969<\b>,Prflink,,
518_2660a,203095,718804,<b>B„chital - Seblengrat Braunwald - Umlaufsesselbahn feste Klemmen<\b> Baujahr: <b>1969<\b>,<b>B„chital - Seblengrat Braunwald - T‚l‚siŠge … pinces fixes<\b> Ann‚e de construction: <b>1969<\b>,<b>B„chital - Seblengrat Braunwald - Funivia a movimento continuo<\b> Anno di costruzione: <b>1969<\b>,<b>B„chital - Seblengrat Braunwald - Fixed grip chairlift<\b> Year of construction: <b>1969<\b>,Prflink,,
pt chamossaire technique 007q,130991,572411,<b>Lac Noir - Petit Chamossaire Villars-sur-Ollon - Umlaufsesselbahn feste Klemmen<\b> Baujahr: <b>1971<\b>,<b>Lac Noir - Petit Chamossaire Villars-sur-Ollon - T‚l‚siŠge … pinces fixes<\b> Ann‚e de construction: <b>1971<\b>,<b>Lac Noir - Petit Chamossaire Villars-sur-Ollon - Funivia a movimento continuo<\b> Anno di costruzione: <b>1971<\b>,<b>Lac Noir - Petit Chamossaire Villars-sur-Ollon - Fixed grip chairlift<\b> Year of construction: <b>1971<\b>,Prflink,,
p2220080,182422,647547,<b>Eisee - Brienzer Rothorn S”renberg - Umlaufsesselbahn feste Klemmen<\b> Baujahr: <b>1973<\b>,<b>Eisee - Brienzer Rothorn S”renberg - T‚l‚siŠge … pinces fixes<\b> Ann‚e de construction: <b>1973<\b>,<b>Eisee - Brienzer Rothorn S”renberg - Funivia a movimento continuo<\b> Anno di costruzione: <b>1973<\b>,<b>Eisee - Brienzer Rothorn S”renberg - Fixed grip chairlift<\b> Year of construction: <b>1973<\b>,Prflink,,
cimg4611,154031,670514,<b>Unterwasser - Hungerberg Oberwald - Umlaufsesselbahn feste Klemmen<\b> Baujahr: <b>1974<\b>,<b>Unterwasser - Hungerberg Oberwald - T‚l‚siŠge … pinces fixes<\b> Ann‚e de construction: <b>1974<\b>,<b>Unterwasser - Hungerberg Oberwald - Funivia a movimento continuo<\b> Anno di costruzione: <b>1974<\b>,<b>Unterwasser - Hungerberg Oberwald - Fixed grip chairlift<\b> Year of construction: <b>1974<\b>,Prflink,,
518_0524a,114378,609120,<b>Bendolla - Les Crˆts Grimentz - Umlaufsesselbahn feste Klemmen<\b> Baujahr: <b>1977<\b>,<b>Bendolla - Les Crˆts Grimentz - T‚l‚siŠge … pinces fixes<\b> Ann‚e de construction: <b>1977<\b>,<b>Bendolla - Les Crˆts Grimentz - Funivia a movimento continuo<\b> Anno di costruzione: <b>1977<\b>,<b>Bendolla - Les Crˆts Grimentz - Fixed grip chairlift<\b> Year of construction: <b>1977<\b>,Prflink,,
cimg4763,106170,637853,<b>Saas Fee - Maste 4 Saas Fee - Umlaufkabinenbahn<\b> Baujahr: <b>1991<\b>,<b>Saas Fee - Maste 4 Saas Fee - T‚l‚cabine … mouvement continu<\b> Ann‚e de construction: <b>1991<\b>,<b>Saas Fee - Maste 4 Saas Fee - Funivia a movimento continuo<\b> Anno di costruzione: <b>1991<\b>,<b>Saas Fee - Maste 4 Saas Fee - Circulating cableway<\b> Year of construction: <b>1991<\b>,Prflink,,
518_1941,199656,718468,<b>Niederschlacht - Httenberg Braunwald - Gruppenumlaufbahn Kabinen<\b> Baujahr: <b>1990<\b>,<b>Niederschlacht - Httenberg Braunwald - T‚l‚cabine puls‚e<\b> Ann‚e de construction: <b>1990<\b>,<b>Niederschlacht - Httenberg Braunwald - Funivia a movimento continuo<\b> Anno di costruzione: <b>1990<\b>,<b>Niederschlacht - Httenberg Braunwald - Cable car in continuous motion<\b> Year of construction: <b>1990<\b>,Prflink,,
518_2353,199830,718180,<b>Httenberg - Grotzenbel Braunwald - Gruppenumlaufbahn Kabinen<\b> Baujahr: <b>1990<\b>,<b>Httenberg - Grotzenbel Braunwald - T‚l‚cabine puls‚e<\b> Ann‚e de construction: <b>1990<\b>,<b>Httenberg - Grotzenbel Braunwald - Funivia a movimento continuo<\b> Anno di costruzione: <b>1990<\b>,<b>Httenberg - Grotzenbel Braunwald - Cable car in continuous motion<\b> Year of construction: <b>1990<\b>,Prflink,,
cimg6148,148520,609359,<b>Adelboden Oey - Adelboden Dorf Adelboden - Einseilgruppenpendelbahn<\b> Baujahr: <b>1990<\b>,<b>Adelboden Oey - Adelboden Dorf Adelboden - T‚l‚ph‚rique monocƒble … groupes de cabines<\b> Ann‚e de construction: <b>1990<\b>,<b>Adelboden Oey - Adelboden Dorf Adelboden - Funivia a va e vieni<\b> Anno di costruzione: <b>1990<\b>,<b>Adelboden Oey - Adelboden Dorf Adelboden - Mono cable aerial tramway with group of cabins<\b> Year of construction: <b>1990<\b>,Prflink,,
cimg4804,103458,637045,<b>Maste 4 - Felskinn Saas Fee - Umlaufkabinenbahn<\b> Baujahr: <b>1994<\b>,<b>Maste 4 - Felskinn Saas Fee - T‚l‚cabine … mouvement continu<\b> Ann‚e de construction: <b>1994<\b>,<b>Maste 4 - Felskinn Saas Fee - Funivia a movimento continuo<\b> Anno di costruzione: <b>1994<\b>,<b>Maste 4 - Felskinn Saas Fee - Circulating cableway<\b> Year of construction: <b>1994<\b>,Prflink,,
604_0059,171090,625002,<b>Beatenberg - Niederhorn Beatenberg - Gruppenumlaufbahn Kabinen<\b> Baujahr: <b>1996<\b>,<b>Beatenberg - Niederhorn Beatenberg - T‚l‚cabine puls‚e<\b> Ann‚e de construction: <b>1996<\b>,<b>Beatenberg - Niederhorn Beatenberg - Funivia a movimento continuo<\b> Anno di costruzione: <b>1996<\b>,<b>Beatenberg - Niederhorn Beatenberg - Cable car in continuous motion<\b> Year of construction: <b>1996<\b>,Prflink,,
518_1300,104444,585683,<b>Croix des Ruinettes - Les Attelas Verbier - Umlaufkabinenbahn<\b> Baujahr: <b>1994<\b>,<b>Croix des Ruinettes - Les Attelas Verbier - T‚l‚cabine … mouvement continu<\b> Ann‚e de construction: <b>1994<\b>,<b>Croix des Ruinettes - Les Attelas Verbier - Funivia a movimento continuo<\b> Anno di costruzione: <b>1994<\b>,<b>Croix des Ruinettes - Les Attelas Verbier - Circulating cableway<\b> Year of construction: <b>1994<\b>,Prflink,,
cimg7400,251469,651095,<b>Bootstransportbahn Rupperswil-Auenstein Auenstein - Standseilbahn<\b> Baujahr: <b>1945<\b>,<b>Bootstransportbahn Rupperswil-Auenstein Auenstein - Funiculaire<\b> Ann‚e de construction: <b>1945<\b>,<b>Bootstransportbahn Rupperswil-Auenstein Auenstein - Funiculare<\b> Anno di costruzione: <b>1945<\b>,<b>Bootstransportbahn Rupperswil-Auenstein Auenstein - funicular railway<\b> Year of construction: <b>1945<\b>,Prflink,,
cimg6524,262090,643020,<b>Tonwerke - K„sleten Frick - Umlaufmaterialbahn<\b> Baujahr: <b>1935<\b>,<b>Tonwerke - K„sleten Frick - T‚l‚cabine … mouvement continu<\b> Ann‚e de construction: <b>1935<\b>,<b>Tonwerke - K„sleten Frick - Funivia a movimento continuo<\b> Anno di costruzione: <b>1935<\b>,<b>Tonwerke - K„sleten Frick - Material circulating cableway<\b> Year of construction: <b>1935<\b>,Prflink,,
cimg2342,254130,759500,<b>Oberegg - St. Anton Oberegg - Skilift<\b> Baujahr: <b>1965<\b>,<b>Oberegg - St. Anton Oberegg - T‚l‚ski<\b> Ann‚e de construction: <b>1965<\b>,<b>Oberegg - St. Anton Oberegg - Skilift<\b> Anno di costruzione: <b>1965<\b>,<b>Oberegg - St. Anton Oberegg - ski lift<\b> Year of construction: <b>1965<\b>,Prflink,,
517_2455a,145299,609842,<b>Birg - Engstligenalp 1 Adelboden - Pendelbahn<\b> Baujahr: <b>1937/1963<\b>,<b>Birg - Engstligenalp 1 Adelboden - T‚l‚ph‚rique … va-et-vient<\b> Ann‚e de construction: <b>1937/1963<\b>,<b>Birg - Engstligenalp 1 Adelboden - Funivia a va e vieni<\b> Anno di costruzione: <b>1937/1963<\b>,<b>Birg - Engstligenalp 1 Adelboden - aerial tramway<\b> Year of construction: <b>1937/1963<\b>,Prflink,,
cimg1856,172706,628857,<b>Waldegg - Howald Beatenberg - Skilift<\b> Baujahr: <b>1966<\b>,<b>Waldegg - Howald Beatenberg - T‚l‚ski<\b> Ann‚e de construction: <b>1966<\b>,<b>Waldegg - Howald Beatenberg - Skilift<\b> Anno di costruzione: <b>1966<\b>,<b>Waldegg - Howald Beatenberg - ski lift<\b> Year of construction: <b>1966<\b>,Prflink,,
19860802_ikss__0001,162755,666480,<b>Handegg - Handeggfluh Guttannen - Standseilbahn<\b> Baujahr: <b>1948<\b>,<b>Handegg - Handeggfluh Guttannen - Funiculaire<\b> Ann‚e de construction: <b>1948<\b>,<b>Handegg - Handeggfluh Guttannen - Funiculare<\b> Anno di costruzione: <b>1948<\b>,<b>Handegg - Handeggfluh Guttannen - funicular railway<\b> Year of construction: <b>1948<\b>,Prflink,,
cimg4568,158149,668479,<b>Grimselnollen - Hausenegg Guttannen - Pendelbahn<\b> Baujahr: <b>1957<\b>,<b>Grimselnollen - Hausenegg Guttannen - T‚l‚ph‚rique … va-et-vient<\b> Ann‚e de construction: <b>1957<\b>,<b>Grimselnollen - Hausenegg Guttannen - Funivia a va e vieni<\b> Anno di costruzione: <b>1957<\b>,<b>Grimselnollen - Hausenegg Guttannen - aerial tramway<\b> Year of construction: <b>1957<\b>,Prflink,,
19920806_ikss__0002,171066,661645,<b>Urweid - Chapf Innertkirchen - Standseilbahn<\b> Baujahr: <b>1940<\b>,<b>Urweid - Chapf Innertkirchen - Funiculaire<\b> Ann‚e de construction: <b>1940<\b>,<b>Urweid - Chapf Innertkirchen - Funiculare<\b> Anno di costruzione: <b>1940<\b>,<b>Urweid - Chapf Innertkirchen - funicular railway<\b> Year of construction: <b>1940<\b>,Prflink,,
cimg1884,188115,618268,<b>Schindelberg I Linden - Skilift<\b> Baujahr: <b>1950<\b>,<b>Schindelberg I Linden - T‚l‚ski<\b> Ann‚e de construction: <b>1950<\b>,<b>Schindelberg I Linden - Skilift<\b> Anno di costruzione: <b>1950<\b>,<b>Schindelberg I Linden - ski lift<\b> Year of construction: <b>1950<\b>,Prflink,,
cimg2015,188112,618268,<b>Schindelberg II Linden - Skilift<\b> Baujahr: <b>1969<\b>,<b>Schindelberg II Linden - T‚l‚ski<\b> Ann‚e de construction: <b>1969<\b>,<b>Schindelberg II Linden - Skilift<\b> Anno di costruzione: <b>1969<\b>,<b>Schindelberg II Linden - ski lift<\b> Year of construction: <b>1969<\b>,Prflink,,
cimg1679,178776,598594,<b>Rschegg - Lischboden Rschegg - Skilift<\b> Baujahr: <b>1968<\b>,<b>Rschegg - Lischboden Rschegg - T‚l‚ski<\b> Ann‚e de construction: <b>1968<\b>,<b>Rschegg - Lischboden Rschegg - Skilift<\b> Anno di costruzione: <b>1968<\b>,<b>Rschegg - Lischboden Rschegg - ski lift<\b> Year of construction: <b>1968<\b>,Prflink,,
cimg1782,184781,634534,<b>Bumbach - Roseggli Schangnau - Skilift<\b> Baujahr: <b>1960<\b>,<b>Bumbach - Roseggli Schangnau - T‚l‚ski<\b> Ann‚e de construction: <b>1960<\b>,<b>Bumbach - Roseggli Schangnau - Skilift<\b> Anno di costruzione: <b>1960<\b>,<b>Bumbach - Roseggli Schangnau - ski lift<\b> Year of construction: <b>1960<\b>,Prflink,,
cimg1734b,174850,622950,<b>Wilerallmi - Alpiglen Sigriswil - Skilift<\b> Baujahr: <b>1970<\b>,<b>Wilerallmi - Alpiglen Sigriswil - T‚l‚ski<\b> Ann‚e de construction: <b>1970<\b>,<b>Wilerallmi - Alpiglen Sigriswil - Skilift<\b> Anno di costruzione: <b>1970<\b>,<b>Wilerallmi - Alpiglen Sigriswil - ski lift<\b> Year of construction: <b>1970<\b>,Prflink,,
517_8933,228950,583807,<b>La Golatte - Montoz Tavannes - Skilift<\b> Baujahr: <b>1957<\b>,<b>La Golatte - Montoz Tavannes - T‚l‚ski<\b> Ann‚e de construction: <b>1957<\b>,<b>La Golatte - Montoz Tavannes - Skilift<\b> Anno di costruzione: <b>1957<\b>,<b>La Golatte - Montoz Tavannes - ski lift<\b> Year of construction: <b>1957<\b>,Prflink,,
520_5671,189760,554862,<b>T‚l‚ski nautique Estavayer Estavayer-Le-Lac - Skilift<\b> Baujahr: <b>1992<\b>,<b>T‚l‚ski nautique Estavayer Estavayer-Le-Lac - T‚l‚ski<\b> Ann‚e de construction: <b>1992<\b>,<b>T‚l‚ski nautique Estavayer Estavayer-Le-Lac - Skilift<\b> Anno di costruzione: <b>1992<\b>,<b>T‚l‚ski nautique Estavayer Estavayer-Le-Lac - ski lift<\b> Year of construction: <b>1992<\b>,Prflink,,
518_3100,200895,719197,<b>Mattwald Braunwald - Skilift<\b> Baujahr: <b>1968<\b>,<b>Mattwald Braunwald - T‚l‚ski<\b> Ann‚e de construction: <b>1968<\b>,<b>Mattwald Braunwald - Skilift<\b> Anno di costruzione: <b>1968<\b>,<b>Mattwald Braunwald - ski lift<\b> Year of construction: <b>1968<\b>,Prflink,,
cimg3590,202955,721390,<b>Luchsingen - Brunnenberg Luchsingen - Pendelbahn<\b> Baujahr: <b>1948<\b>,<b>Luchsingen - Brunnenberg Luchsingen - T‚l‚ph‚rique … va-et-vient<\b> Ann‚e de construction: <b>1948<\b>,<b>Luchsingen - Brunnenberg Luchsingen - Funivia a va e vieni<\b> Anno di costruzione: <b>1948<\b>,<b>Luchsingen - Brunnenberg Luchsingen - aerial tramway<\b> Year of construction: <b>1948<\b>,Prflink,,
cimg2309,215264,725675,<b>Schilt Mollis - Skilift<\b> Baujahr: <b>1959<\b>,<b>Schilt Mollis - T‚l‚ski<\b> Ann‚e de construction: <b>1959<\b>,<b>Schilt Mollis - Skilift<\b> Anno di costruzione: <b>1959<\b>,<b>Schilt Mollis - ski lift<\b> Year of construction: <b>1959<\b>,Prflink,,
cimg3738,212927,722218,<b>Wasserschloss L”ntsch Netstal - Pendelbahn<\b> Baujahr: <b>1972<\b>,<b>Wasserschloss L”ntsch Netstal - T‚l‚ph‚rique … va-et-vient<\b> Ann‚e de construction: <b>1972<\b>,<b>Wasserschloss L”ntsch Netstal - Funivia a va e vieni<\b> Anno di costruzione: <b>1972<\b>,<b>Wasserschloss L”ntsch Netstal - aerial tramway<\b> Year of construction: <b>1972<\b>,Prflink,,
cimg3729,204525,725450,<b>Berg - Drstenboden Schwanden - Pendelbahn<\b> Baujahr: <b>1957<\b>,<b>Berg - Drstenboden Schwanden - T‚l‚ph‚rique … va-et-vient<\b> Ann‚e de construction: <b>1957<\b>,<b>Berg - Drstenboden Schwanden - Funivia a va e vieni<\b> Anno di costruzione: <b>1957<\b>,<b>Berg - Drstenboden Schwanden - aerial tramway<\b> Year of construction: <b>1957<\b>,Prflink,,
ikss_scan_0008b,161700,752040,<b>B„renburg - Wasserschloss Andeer - Pendelbahn<\b> Baujahr: <b>1959<\b>,<b>B„renburg - Wasserschloss Andeer - T‚l‚ph‚rique … va-et-vient<\b> Ann‚e de construction: <b>1959<\b>,<b>B„renburg - Wasserschloss Andeer - Funivia a va e vieni<\b> Anno di costruzione: <b>1959<\b>,<b>B„renburg - Wasserschloss Andeer - aerial tramway<\b> Year of construction: <b>1959<\b>,Prflink,,
img_5188b,155115,753030,<b>Ferrera - Wasserschloss Innerferrera - Pendelbahn<\b> Baujahr: <b>1959<\b>,<b>Ferrera - Wasserschloss Innerferrera - T‚l‚ph‚rique … va-et-vient<\b> Ann‚e de construction: <b>1959<\b>,<b>Ferrera - Wasserschloss Innerferrera - Funivia a va e vieni<\b> Anno di costruzione: <b>1959<\b>,<b>Ferrera - Wasserschloss Innerferrera - aerial tramway<\b> Year of construction: <b>1959<\b>,Prflink,,
cimg6126,170360,701360,<b>Sedrun - Tgom Tavetsch - Pendelbahn<\b> Baujahr: <b>1958<\b>,<b>Sedrun - Tgom Tavetsch - T‚l‚ph‚rique … va-et-vient<\b> Ann‚e de construction: <b>1958<\b>,<b>Sedrun - Tgom Tavetsch - Funivia a va e vieni<\b> Anno di costruzione: <b>1958<\b>,<b>Sedrun - Tgom Tavetsch - aerial tramway<\b> Year of construction: <b>1958<\b>,Prflink,,
lsb_vicosoprano_015,137995,770947,<b>Piz Murtaira Vicosoprano - Pendelbahn<\b> Baujahr: <b>1956<\b>,<b>Piz Murtaira Vicosoprano - T‚l‚ph‚rique … va-et-vient<\b> Ann‚e de construction: <b>1956<\b>,<b>Piz Murtaira Vicosoprano - Funivia a va e vieni<\b> Anno di costruzione: <b>1956<\b>,<b>Piz Murtaira Vicosoprano - aerial tramway<\b> Year of construction: <b>1956<\b>,Prflink,,
cimg3265,206900,679850,<b>Vitznau - Wissifluh Vitznau - Einseilpendelbahn<\b> Baujahr: <b>1964<\b>,<b>Vitznau - Wissifluh Vitznau - T‚l‚ph‚rique monocƒble … va-et-vient<\b> Ann‚e de construction: <b>1964<\b>,<b>Vitznau - Wissifluh Vitznau - Funivia a va e vieni<\b> Anno di costruzione: <b>1964<\b>,<b>Vitznau - Wissifluh Vitznau - Mono cable aerial tramway <\b> Year of construction: <b>1964<\b>,Prflink,,
cimg2591,196000,670307,<b>Eggwald Dallenwil - Skilift<\b> Baujahr: <b>1967<\b>,<b>Eggwald Dallenwil - T‚l‚ski<\b> Ann‚e de construction: <b>1967<\b>,<b>Eggwald Dallenwil - Skilift<\b> Anno di costruzione: <b>1967<\b>,<b>Eggwald Dallenwil - ski lift<\b> Year of construction: <b>1967<\b>,Prflink,,
cimg3923,204690,661988,<b>Hotel Fr„kmnt Hergiswil - Korblift<\b> Baujahr: <b>2000<\b>,<b>Hotel Fr„kmnt Hergiswil - T‚l‚benne<\b> Ann‚e de construction: <b>2000<\b>,<b>Hotel Fr„kmnt Hergiswil - <\b> Anno di costruzione: <b>2000<\b>,<b>Hotel Fr„kmnt Hergiswil - <\b> Year of construction: <b>2000<\b>,Prflink,,
cimg2959,195980,672960,<b>Allmendi - Wallibalm Wolfenschiessen - Pendelbahn<\b> Baujahr: <b>1959<\b>,<b>Allmendi - Wallibalm Wolfenschiessen - T‚l‚ph‚rique … va-et-vient<\b> Ann‚e de construction: <b>1959<\b>,<b>Allmendi - Wallibalm Wolfenschiessen - Funivia a va e vieni<\b> Anno di costruzione: <b>1959<\b>,<b>Allmendi - Wallibalm Wolfenschiessen - aerial tramway<\b> Year of construction: <b>1959<\b>,Prflink,,
cimg3096,191343,671472,<b>Grafenort - Brunniswald Wolfenschiessen - Pendelbahn<\b> Baujahr: <b>1969<\b>,<b>Grafenort - Brunniswald Wolfenschiessen - T‚l‚ph‚rique … va-et-vient<\b> Ann‚e de construction: <b>1969<\b>,<b>Grafenort - Brunniswald Wolfenschiessen - Funivia a va e vieni<\b> Anno di costruzione: <b>1969<\b>,<b>Grafenort - Brunniswald Wolfenschiessen - aerial tramway<\b> Year of construction: <b>1969<\b>,Prflink,,
cimg2477,238505,713763,<b>Oberholz I Goldingen - Skilift<\b> Baujahr: <b>1963<\b>,<b>Oberholz I Goldingen - T‚l‚ski<\b> Ann‚e de construction: <b>1963<\b>,<b>Oberholz I Goldingen - Skilift<\b> Anno di costruzione: <b>1963<\b>,<b>Oberholz I Goldingen - ski lift<\b> Year of construction: <b>1963<\b>,Prflink,,
cimg2428,253566,750639,<b>V”gelinsegg St. Gallen - Skilift<\b> Baujahr: <b>1958<\b>,<b>V”gelinsegg St. Gallen - T‚l‚ski<\b> Ann‚e de construction: <b>1958<\b>,<b>V”gelinsegg St. Gallen - Skilift<\b> Anno di costruzione: <b>1958<\b>,<b>V”gelinsegg St. Gallen - ski lift<\b> Year of construction: <b>1958<\b>,Prflink,,
cimg2247,222565,697988,<b>Bennau I (links) Einsiedeln - Skilift<\b> Baujahr: <b>1963<\b>,<b>Bennau I (links) Einsiedeln - T‚l‚ski<\b> Ann‚e de construction: <b>1963<\b>,<b>Bennau I (links) Einsiedeln - Skilift<\b> Anno di costruzione: <b>1963<\b>,<b>Bennau I (links) Einsiedeln - ski lift<\b> Year of construction: <b>1963<\b>,Prflink,,
cimg3811,222558,697979,<b>Bennau II (rechts) Einsiedeln - Skilift<\b> Baujahr: <b>1967<\b>,<b>Bennau II (rechts) Einsiedeln - T‚l‚ski<\b> Ann‚e de construction: <b>1967<\b>,<b>Bennau II (rechts) Einsiedeln - Skilift<\b> Anno di costruzione: <b>1967<\b>,<b>Bennau II (rechts) Einsiedeln - ski lift<\b> Year of construction: <b>1967<\b>,Prflink,,
cimg2102,203913,689711,<b>Fronalphof Morschach - Skilift<\b> Baujahr: <b>1963<\b>,<b>Fronalphof Morschach - T‚l‚ski<\b> Ann‚e de construction: <b>1963<\b>,<b>Fronalphof Morschach - Skilift<\b> Anno di costruzione: <b>1963<\b>,<b>Fronalphof Morschach - ski lift<\b> Year of construction: <b>1963<\b>,Prflink,,
cimg2204,213240,692540,<b>Herrenboden - B„renfang Schwyz - Skilift<\b> Baujahr: <b>1950<\b>,<b>Herrenboden - B„renfang Schwyz - T‚l‚ski<\b> Ann‚e de construction: <b>1950<\b>,<b>Herrenboden - B„renfang Schwyz - Skilift<\b> Anno di costruzione: <b>1950<\b>,<b>Herrenboden - B„renfang Schwyz - ski lift<\b> Year of construction: <b>1950<\b>,Prflink,,
19971002_ikss_03,144107,682538,"<b>Robiei - Cortino / ""Cavagnoli"" Bignasco - Pendelbahn<\b> Baujahr: <b>1965<\b>","<b>Robiei - Cortino / ""Cavagnoli"" Bignasco - T‚l‚ph‚rique … va-et-vient<\b> Ann‚e de construction: <b>1965<\b>","<b>Robiei - Cortino / ""Cavagnoli"" Bignasco - Funivia a va e vieni<\b> Anno di costruzione: <b>1965<\b>","<b>Robiei - Cortino / ""Cavagnoli"" Bignasco - aerial tramway<\b> Year of construction: <b>1965<\b>",Prflink,,
cimg6867,113508,721325,<b>Camorino - Croveggia Camorino - Einseilpendelbahn<\b> Baujahr: <b>1969<\b>,<b>Camorino - Croveggia Camorino - T‚l‚ph‚rique monocƒble … va-et-vient<\b> Ann‚e de construction: <b>1969<\b>,<b>Camorino - Croveggia Camorino - Funivia a va e vieni<\b> Anno di costruzione: <b>1969<\b>,<b>Camorino - Croveggia Camorino - Mono cable aerial tramway <\b> Year of construction: <b>1969<\b>,Prflink,,
cimg3139,180590,695850,<b>Bristen - Waldiberg Bristen - Pendelbahn<\b> Baujahr: <b>1979<\b>,<b>Bristen - Waldiberg Bristen - T‚l‚ph‚rique … va-et-vient<\b> Ann‚e de construction: <b>1979<\b>,<b>Bristen - Waldiberg Bristen - Funivia a va e vieni<\b> Anno di costruzione: <b>1979<\b>,<b>Bristen - Waldiberg Bristen - aerial tramway<\b> Year of construction: <b>1979<\b>,Prflink,,
cimg3250,198669,689505,<b>Tellsplatte - Unteraxen Sisikon - Pendelbahn<\b> Baujahr: <b>1960<\b>,<b>Tellsplatte - Unteraxen Sisikon - T‚l‚ph‚rique … va-et-vient<\b> Ann‚e de construction: <b>1960<\b>,<b>Tellsplatte - Unteraxen Sisikon - Funivia a va e vieni<\b> Anno di costruzione: <b>1960<\b>,<b>Tellsplatte - Unteraxen Sisikon - aerial tramway<\b> Year of construction: <b>1960<\b>,Prflink,,
cimg6231,192330,697360,<b>Witerschwanden - Eggenbergli Spiringen - Pendelbahn<\b> Baujahr: <b>1953<\b>,<b>Witerschwanden - Eggenbergli Spiringen - T‚l‚ph‚rique … va-et-vient<\b> Ann‚e de construction: <b>1953<\b>,<b>Witerschwanden - Eggenbergli Spiringen - Funivia a va e vieni<\b> Anno di costruzione: <b>1953<\b>,<b>Witerschwanden - Eggenbergli Spiringen - aerial tramway<\b> Year of construction: <b>1953<\b>,Prflink,,
cimg2754,127455,570820,<b>H“tel du Parc I Ollon - Skilift<\b> Baujahr: <b>1954<\b>,<b>H“tel du Parc I Ollon - T‚l‚ski<\b> Ann‚e de construction: <b>1954<\b>,<b>H“tel du Parc I Ollon - Skilift<\b> Anno di costruzione: <b>1954<\b>,<b>H“tel du Parc I Ollon - ski lift<\b> Year of construction: <b>1954<\b>,Prflink,,
517_9621a,137817,573564,<b>Les Parchets I Ormont-dessous - Skilift<\b> Baujahr: <b>1959<\b>,<b>Les Parchets I Ormont-dessous - T‚l‚ski<\b> Ann‚e de construction: <b>1959<\b>,<b>Les Parchets I Ormont-dessous - Skilift<\b> Anno di costruzione: <b>1959<\b>,<b>Les Parchets I Ormont-dessous - ski lift<\b> Year of construction: <b>1959<\b>,Prflink,,
cimg4718,132565,656610,<b>Heiligkreuz - Kumme Binn - Pendelbahn<\b> Baujahr: <b>1969<\b>,<b>Heiligkreuz - Kumme Binn - T‚l‚ph‚rique … va-et-vient<\b> Ann‚e de construction: <b>1969<\b>,<b>Heiligkreuz - Kumme Binn - Funivia a va e vieni<\b> Anno di costruzione: <b>1969<\b>,<b>Heiligkreuz - Kumme Binn - aerial tramway<\b> Year of construction: <b>1969<\b>,Prflink,,
cimg7260,112039,574247,<b>Les Garettes - Col de Fully Fully - Pendelbahn<\b> Baujahr: <b>1915<\b>,<b>Les Garettes - Col de Fully Fully - T‚l‚ph‚rique … va-et-vient<\b> Ann‚e de construction: <b>1915<\b>,<b>Les Garettes - Col de Fully Fully - Funivia a va e vieni<\b> Anno di costruzione: <b>1915<\b>,<b>Les Garettes - Col de Fully Fully - aerial tramway<\b> Year of construction: <b>1915<\b>,Prflink,,
cimg2854,138569,641399,<b>Hohstock Naters - Skilift<\b> Baujahr: <b>1982<\b>,<b>Hohstock Naters - T‚l‚ski<\b> Ann‚e de construction: <b>1982<\b>,<b>Hohstock Naters - Skilift<\b> Anno di costruzione: <b>1982<\b>,<b>Hohstock Naters - ski lift<\b> Year of construction: <b>1982<\b>,Prflink,,
cimg3955,135090,642415,<b>Rischinen - Massa Naters - Pendelbahn<\b> Baujahr: <b>1961<\b>,<b>Rischinen - Massa Naters - T‚l‚ph‚rique … va-et-vient<\b> Ann‚e de construction: <b>1961<\b>,<b>Rischinen - Massa Naters - Funivia a va e vieni<\b> Anno di costruzione: <b>1961<\b>,<b>Rischinen - Massa Naters - aerial tramway<\b> Year of construction: <b>1961<\b>,Prflink,,
dsc01026,103613,635285,<b>Gletscherlift L„ngfluh - Panoramaplatz Saas-Fee - Skilift<\b> Baujahr: <b>1994<\b>,<b>Gletscherlift L„ngfluh - Panoramaplatz Saas-Fee - T‚l‚ski<\b> Ann‚e de construction: <b>1994<\b>,<b>Gletscherlift L„ngfluh - Panoramaplatz Saas-Fee - Skilift<\b> Anno di costruzione: <b>1994<\b>,<b>Gletscherlift L„ngfluh - Panoramaplatz Saas-Fee - ski lift<\b> Year of construction: <b>1994<\b>,Prflink,,
test 1000,150605,667545,<b>Ulrichen - Altstafel Ulrichen - Einseilpendelbahn<\b> Baujahr: <b>1962<\b>,<b>Ulrichen - Altstafel Ulrichen - T‚l‚ph‚rique monocƒble … va-et-vient<\b> Ann‚e de construction: <b>1962<\b>,<b>Ulrichen - Altstafel Ulrichen - Funivia a va e vieni<\b> Anno di costruzione: <b>1962<\b>,<b>Ulrichen - Altstafel Ulrichen - Mono cable aerial tramway <\b> Year of construction: <b>1962<\b>,Prflink,,
cimg6952,96150,623675,<b>Schiebuwaldji Zermatt - Standseilbahn<\b> Baujahr: <b>1967<\b>,<b>Schiebuwaldji Zermatt - Funiculaire<\b> Ann‚e de construction: <b>1967<\b>,<b>Schiebuwaldji Zermatt - Funiculare<\b> Anno di costruzione: <b>1967<\b>,<b>Schiebuwaldji Zermatt - funicular railway<\b> Year of construction: <b>1967<\b>,Prflink,,
cimg7077,95700,623410,<b>Winkelmatten - Zmutt Zermatt - Pendelbahn<\b> Baujahr: <b>1968<\b>,<b>Winkelmatten - Zmutt Zermatt - T‚l‚ph‚rique … va-et-vient<\b> Ann‚e de construction: <b>1968<\b>,<b>Winkelmatten - Zmutt Zermatt - Funivia a va e vieni<\b> Anno di costruzione: <b>1968<\b>,<b>Winkelmatten - Zmutt Zermatt - aerial tramway<\b> Year of construction: <b>1968<\b>,Prflink,,
cimg3465,221495,739975,<b>Lochezen Walenstadt - Standseilbahn<\b> Baujahr: <b>1956<\b>,<b>Lochezen Walenstadt - Funiculaire<\b> Ann‚e de construction: <b>1956<\b>,<b>Lochezen Walenstadt - Funiculare<\b> Anno di costruzione: <b>1956<\b>,<b>Lochezen Walenstadt - funicular railway<\b> Year of construction: <b>1956<\b>,Prflink,,
cimg3773,221100,703080,<b>Grund-Grosshusweid Willerzell/Einsiedeln - Umlaufsesselbahn feste Klemmen<\b> Baujahr: <b>1959<\b>,<b>Grund-Grosshusweid Willerzell/Einsiedeln - T‚l‚siŠge … pinces fixes<\b> Ann‚e de construction: <b>1959<\b>,<b>Grund-Grosshusweid Willerzell/Einsiedeln - Funivia a movimento continuo<\b> Anno di costruzione: <b>1959<\b>,<b>Grund-Grosshusweid Willerzell/Einsiedeln - Fixed grip chairlift<\b> Year of construction: <b>1959<\b>,Prflink,,
cimg6339,198720,666640,<b>Rohren-Melbach Ennetmoos - Umlaufmaterialbahn<\b> Baujahr: <b>1931<\b>,<b>Rohren-Melbach Ennetmoos - T‚l‚cabine … mouvement continu<\b> Ann‚e de construction: <b>1931<\b>,<b>Rohren-Melbach Ennetmoos - Funivia a movimento continuo<\b> Anno di costruzione: <b>1931<\b>,<b>Rohren-Melbach Ennetmoos - Material circulating cableway<\b> Year of construction: <b>1931<\b>,Prflink,,
cimg4446,188290,671130,<b>Obermatt-Zingel Obermatt - Pendelbahn<\b> Baujahr: <b>1923<\b>,<b>Obermatt-Zingel Obermatt - T‚l‚ph‚rique … va-et-vient<\b> Ann‚e de construction: <b>1923<\b>,<b>Obermatt-Zingel Obermatt - Funivia a va e vieni<\b> Anno di costruzione: <b>1923<\b>,<b>Obermatt-Zingel Obermatt - aerial tramway<\b> Year of construction: <b>1923<\b>,Prflink,,
521_2194,95414,717026,<b>Lugano Angioli Lugano - Standseilbahn<\b> Baujahr: <b>1913<\b>,<b>Lugano Angioli Lugano - Funiculaire<\b> Ann‚e de construction: <b>1913<\b>,<b>Lugano Angioli Lugano - Funiculare<\b> Anno di costruzione: <b>1913<\b>,<b>Lugano Angioli Lugano - funicular railway<\b> Year of construction: <b>1913<\b>,Prflink,,
520_6436,256300,684630,<b>Airside-Center - Dock-E (Skymetro) Zrich-Flughafen - Standseilbahn<\b> Baujahr: <b>2001<\b>,<b>Airside-Center - Dock-E (Skymetro) Zrich-Flughafen - Funiculaire<\b> Ann‚e de construction: <b>2001<\b>,<b>Airside-Center - Dock-E (Skymetro) Zrich-Flughafen - Funiculare<\b> Anno di costruzione: <b>2001<\b>,<b>Airside-Center - Dock-E (Skymetro) Zrich-Flughafen - funicular railway<\b> Year of construction: <b>2001<\b>,Prflink,,
cimg4289,189912,670817,<b>Mettlen Vorderrugisbalm Wolfenschiessen - Pendelbahn<\b> Baujahr: <b>1912<\b>,<b>Mettlen Vorderrugisbalm Wolfenschiessen - T‚l‚ph‚rique … va-et-vient<\b> Ann‚e de construction: <b>1912<\b>,<b>Mettlen Vorderrugisbalm Wolfenschiessen - Funivia a va e vieni<\b> Anno di costruzione: <b>1912<\b>,<b>Mettlen Vorderrugisbalm Wolfenschiessen - aerial tramway<\b> Year of construction: <b>1912<\b>,Prflink,,
cimg5223,169220,688156,<b>Gtsch, G”schenen G”schenen - Pendelbahn<\b> Baujahr: <b>1951<\b>,<b>Gtsch, G”schenen G”schenen - T‚l‚ph‚rique … va-et-vient<\b> Ann‚e de construction: <b>1951<\b>,<b>Gtsch, G”schenen G”schenen - Funivia a va e vieni<\b> Anno di costruzione: <b>1951<\b>,<b>Gtsch, G”schenen G”schenen - aerial tramway<\b> Year of construction: <b>1951<\b>,Prflink,,
cimg5113,148840,679550,<b>All'Acqua, Airolo V.Bedr. Airolo - Pendelbahn<\b> Baujahr: <b>1948<\b>,<b>All'Acqua, Airolo V.Bedr. Airolo - T‚l‚ph‚rique … va-et-vient<\b> Ann‚e de construction: <b>1948<\b>,<b>All'Acqua, Airolo V.Bedr. Airolo - Funivia a va e vieni<\b> Anno di costruzione: <b>1948<\b>,<b>All'Acqua, Airolo V.Bedr. Airolo - aerial tramway<\b> Year of construction: <b>1948<\b>,Prflink,,
19980914_eb_004,215310,748490,<b>Ragnatsch, Sargans Sargans - Pendelbahn<\b> Baujahr: <b>1941<\b>,<b>Ragnatsch, Sargans Sargans - T‚l‚ph‚rique … va-et-vient<\b> Ann‚e de construction: <b>1941<\b>,<b>Ragnatsch, Sargans Sargans - Funivia a va e vieni<\b> Anno di costruzione: <b>1941<\b>,<b>Ragnatsch, Sargans Sargans - aerial tramway<\b> Year of construction: <b>1941<\b>,Prflink,,
cimg2438,242395,712520,<b>Brand - Oberegg Fischenthal - Skilift<\b> Baujahr: <b>1963<\b>,<b>Brand - Oberegg Fischenthal - T‚l‚ski<\b> Ann‚e de construction: <b>1963<\b>,<b>Brand - Oberegg Fischenthal - Skilift<\b> Anno di costruzione: <b>1963<\b>,<b>Brand - Oberegg Fischenthal - ski lift<\b> Year of construction: <b>1963<\b>,Prflink,,
